state_code,state,year,pct_of_2019,diff,above,below
ACT,Australian Capital Territory,2019.0,100.0,0.0,0,0
ACT,Australian Capital Territory,2019.0417,99.6375,-0.3625,0,-0.3625
ACT,Australian Capital Territory,2019.0833,99.275,-0.725,0,-0.725
ACT,Australian Capital Territory,2019.125,98.9125,-1.0875,0,-1.0875
ACT,Australian Capital Territory,2019.1667,98.55,-1.45,0,-1.45
ACT,Australian Capital Territory,2019.2083,98.1875,-1.8125,0,-1.8125
ACT,Australian Capital Territory,2019.25,97.825,-2.175,0,-2.175
ACT,Australian Capital Territory,2019.2917,97.4625,-2.5375,0,-2.5375
ACT,Australian Capital Territory,2019.3333,97.1,-2.9,0,-2.9
ACT,Australian Capital Territory,2019.375,96.7375,-3.2625,0,-3.2625
ACT,Australian Capital Territory,2019.4167,96.375,-3.625,0,-3.625
ACT,Australian Capital Territory,2019.4583,96.0125,-3.9875,0,-3.9875
ACT,Australian Capital Territory,2019.5,95.65,-4.35,0,-4.35
ACT,Australian Capital Territory,2019.5417,95.2875,-4.7125,0,-4.7125
ACT,Australian Capital Territory,2019.5833,94.925,-5.075,0,-5.075
ACT,Australian Capital Territory,2019.625,94.5625,-5.4375,0,-5.4375
ACT,Australian Capital Territory,2019.6667,94.2,-5.8,0,-5.8
ACT,Australian Capital Territory,2019.7083,93.8375,-6.1625,0,-6.1625
ACT,Australian Capital Territory,2019.75,93.475,-6.525,0,-6.525
ACT,Australian Capital Territory,2019.7917,93.1125,-6.8875,0,-6.8875
ACT,Australian Capital Territory,2019.8333,92.75,-7.25,0,-7.25
ACT,Australian Capital Territory,2019.875,92.3875,-7.6125,0,-7.6125
ACT,Australian Capital Territory,2019.9167,92.025,-7.975,0,-7.975
ACT,Australian Capital Territory,2019.9583,91.6625,-8.3375,0,-8.3375
ACT,Australian Capital Territory,2020.0,91.3,-8.7,0,-8.7
ACT,Australian Capital Territory,2020.0417,91.2625,-8.7375,0,-8.7375
ACT,Australian Capital Territory,2020.0833,91.225,-8.775,0,-8.775
ACT,Australian Capital Territory,2020.125,91.1875,-8.8125,0,-8.8125
ACT,Australian Capital Territory,2020.1667,91.15,-8.85,0,-8.85
ACT,Australian Capital Territory,2020.2083,91.1125,-8.8875,0,-8.8875
ACT,Australian Capital Territory,2020.25,91.075,-8.925,0,-8.925
ACT,Australian Capital Territory,2020.2917,91.0375,-8.9625,0,-8.9625
ACT,Australian Capital Territory,2020.3333,91.0,-9.0,0,-9.0
ACT,Australian Capital Territory,2020.375,90.9625,-9.0375,0,-9.0375
ACT,Australian Capital Territory,2020.4167,90.925,-9.075,0,-9.075
ACT,Australian Capital Territory,2020.4583,90.8875,-9.1125,0,-9.1125
ACT,Australian Capital Territory,2020.5,90.85,-9.15,0,-9.15
ACT,Australian Capital Territory,2020.5417,90.8125,-9.1875,0,-9.1875
ACT,Australian Capital Territory,2020.5833,90.775,-9.225,0,-9.225
ACT,Australian Capital Territory,2020.625,90.7375,-9.2625,0,-9.2625
ACT,Australian Capital Territory,2020.6667,90.7,-9.3,0,-9.3
ACT,Australian Capital Territory,2020.7083,90.6625,-9.3375,0,-9.3375
ACT,Australian Capital Territory,2020.75,90.625,-9.375,0,-9.375
ACT,Australian Capital Territory,2020.7917,90.5875,-9.4125,0,-9.4125
ACT,Australian Capital Territory,2020.8333,90.55,-9.45,0,-9.45
ACT,Australian Capital Territory,2020.875,90.5125,-9.4875,0,-9.4875
ACT,Australian Capital Territory,2020.9167,90.475,-9.525,0,-9.525
ACT,Australian Capital Territory,2020.9583,90.4375,-9.5625,0,-9.5625
ACT,Australian Capital Territory,2021.0,90.4,-9.6,0,-9.6
ACT,Australian Capital Territory,2021.0417,90.6708,-9.3292,0,-9.3292
ACT,Australian Capital Territory,2021.0833,90.9417,-9.0583,0,-9.0583
ACT,Australian Capital Territory,2021.125,91.2125,-8.7875,0,-8.7875
ACT,Australian Capital Territory,2021.1667,91.4833,-8.5167,0,-8.5167
ACT,Australian Capital Territory,2021.2083,91.7542,-8.2458,0,-8.2458
ACT,Australian Capital Territory,2021.25,92.025,-7.975,0,-7.975
ACT,Australian Capital Territory,2021.2917,92.2958,-7.7042,0,-7.7042
ACT,Australian Capital Territory,2021.3333,92.5667,-7.4333,0,-7.4333
ACT,Australian Capital Territory,2021.375,92.8375,-7.1625,0,-7.1625
ACT,Australian Capital Territory,2021.4167,93.1083,-6.8917,0,-6.8917
ACT,Australian Capital Territory,2021.4583,93.3792,-6.6208,0,-6.6208
ACT,Australian Capital Territory,2021.5,93.65,-6.35,0,-6.35
ACT,Australian Capital Territory,2021.5417,93.9208,-6.0792,0,-6.0792
ACT,Australian Capital Territory,2021.5833,94.1917,-5.8083,0,-5.8083
ACT,Australian Capital Territory,2021.625,94.4625,-5.5375,0,-5.5375
ACT,Australian Capital Territory,2021.6667,94.7333,-5.2667,0,-5.2667
ACT,Australian Capital Territory,2021.7083,95.0042,-4.9958,0,-4.9958
ACT,Australian Capital Territory,2021.75,95.275,-4.725,0,-4.725
ACT,Australian Capital Territory,2021.7917,95.5458,-4.4542,0,-4.4542
ACT,Australian Capital Territory,2021.8333,95.8167,-4.1833,0,-4.1833
ACT,Australian Capital Territory,2021.875,96.0875,-3.9125,0,-3.9125
ACT,Australian Capital Territory,2021.9167,96.3583,-3.6417,0,-3.6417
ACT,Australian Capital Territory,2021.9583,96.6292,-3.3708,0,-3.3708
ACT,Australian Capital Territory,2022.0,96.9,-3.1,0,-3.1
ACT,Australian Capital Territory,2022.0417,97.5083,-2.4917,0,-2.4917
ACT,Australian Capital Territory,2022.0833,98.1167,-1.8833,0,-1.8833
ACT,Australian Capital Territory,2022.125,98.725,-1.275,0,-1.275
ACT,Australian Capital Territory,2022.1667,99.3333,-0.6667,0,-0.6667
ACT,Australian Capital Territory,2022.2083,99.9417,-0.0583,0,-0.0583
ACT,Australian Capital Territory,2022.25,100.55,0.55,0.55,0
ACT,Australian Capital Territory,2022.2917,101.1583,1.1583,1.1583,0
ACT,Australian Capital Territory,2022.3333,101.7667,1.7667,1.7667,0
ACT,Australian Capital Territory,2022.375,102.375,2.375,2.375,0
ACT,Australian Capital Territory,2022.4167,102.9833,2.9833,2.9833,0
ACT,Australian Capital Territory,2022.4583,103.5917,3.5917,3.5917,0
ACT,Australian Capital Territory,2022.5,104.2,4.2,4.2,0
ACT,Australian Capital Territory,2022.5417,104.8083,4.8083,4.8083,0
ACT,Australian Capital Territory,2022.5833,105.4167,5.4167,5.4167,0
ACT,Australian Capital Territory,2022.625,106.025,6.025,6.025,0
ACT,Australian Capital Territory,2022.6667,106.6333,6.6333,6.6333,0
ACT,Australian Capital Territory,2022.7083,107.2417,7.2417,7.2417,0
ACT,Australian Capital Territory,2022.75,107.85,7.85,7.85,0
ACT,Australian Capital Territory,2022.7917,108.4583,8.4583,8.4583,0
ACT,Australian Capital Territory,2022.8333,109.0667,9.0667,9.0667,0
ACT,Australian Capital Territory,2022.875,109.675,9.675,9.675,0
ACT,Australian Capital Territory,2022.9167,110.2833,10.2833,10.2833,0
ACT,Australian Capital Territory,2022.9583,110.8917,10.8917,10.8917,0
ACT,Australian Capital Territory,2023.0,111.5,11.5,11.5,0
ACT,Australian Capital Territory,2023.0417,111.8417,11.8417,11.8417,0
ACT,Australian Capital Territory,2023.0833,112.1833,12.1833,12.1833,0
ACT,Australian Capital Territory,2023.125,112.525,12.525,12.525,0
ACT,Australian Capital Territory,2023.1667,112.8667,12.8667,12.8667,0
ACT,Australian Capital Territory,2023.2083,113.2083,13.2083,13.2083,0
ACT,Australian Capital Territory,2023.25,113.55,13.55,13.55,0
ACT,Australian Capital Territory,2023.2917,113.8917,13.8917,13.8917,0
ACT,Australian Capital Territory,2023.3333,114.2333,14.2333,14.2333,0
ACT,Australian Capital Territory,2023.375,114.575,14.575,14.575,0
ACT,Australian Capital Territory,2023.4167,114.9167,14.9167,14.9167,0
ACT,Australian Capital Territory,2023.4583,115.2583,15.2583,15.2583,0
ACT,Australian Capital Territory,2023.5,115.6,15.6,15.6,0
ACT,Australian Capital Territory,2023.5417,115.9417,15.9417,15.9417,0
ACT,Australian Capital Territory,2023.5833,116.2833,16.2833,16.2833,0
ACT,Australian Capital Territory,2023.625,116.625,16.625,16.625,0
ACT,Australian Capital Territory,2023.6667,116.9667,16.9667,16.9667,0
ACT,Australian Capital Territory,2023.7083,117.3083,17.3083,17.3083,0
ACT,Australian Capital Territory,2023.75,117.65,17.65,17.65,0
ACT,Australian Capital Territory,2023.7917,117.9917,17.9917,17.9917,0
ACT,Australian Capital Territory,2023.8333,118.3333,18.3333,18.3333,0
ACT,Australian Capital Territory,2023.875,118.675,18.675,18.675,0
ACT,Australian Capital Territory,2023.9167,119.0167,19.0167,19.0167,0
ACT,Australian Capital Territory,2023.9583,119.3583,19.3583,19.3583,0
ACT,Australian Capital Territory,2024.0,119.7,19.7,19.7,0
ACT,Australian Capital Territory,2024.0417,119.5042,19.5042,19.5042,0
ACT,Australian Capital Territory,2024.0833,119.3083,19.3083,19.3083,0
ACT,Australian Capital Territory,2024.125,119.1125,19.1125,19.1125,0
ACT,Australian Capital Territory,2024.1667,118.9167,18.9167,18.9167,0
ACT,Australian Capital Territory,2024.2083,118.7208,18.7208,18.7208,0
ACT,Australian Capital Territory,2024.25,118.525,18.525,18.525,0
ACT,Australian Capital Territory,2024.2917,118.3292,18.3292,18.3292,0
ACT,Australian Capital Territory,2024.3333,118.1333,18.1333,18.1333,0
ACT,Australian Capital Territory,2024.375,117.9375,17.9375,17.9375,0
ACT,Australian Capital Territory,2024.4167,117.7417,17.7417,17.7417,0
ACT,Australian Capital Territory,2024.4583,117.5458,17.5458,17.5458,0
ACT,Australian Capital Territory,2024.5,117.35,17.35,17.35,0
ACT,Australian Capital Territory,2024.5417,117.1542,17.1542,17.1542,0
ACT,Australian Capital Territory,2024.5833,116.9583,16.9583,16.9583,0
ACT,Australian Capital Territory,2024.625,116.7625,16.7625,16.7625,0
ACT,Australian Capital Territory,2024.6667,116.5667,16.5667,16.5667,0
ACT,Australian Capital Territory,2024.7083,116.3708,16.3708,16.3708,0
ACT,Australian Capital Territory,2024.75,116.175,16.175,16.175,0
ACT,Australian Capital Territory,2024.7917,115.9792,15.9792,15.9792,0
ACT,Australian Capital Territory,2024.8333,115.7833,15.7833,15.7833,0
ACT,Australian Capital Territory,2024.875,115.5875,15.5875,15.5875,0
ACT,Australian Capital Territory,2024.9167,115.3917,15.3917,15.3917,0
ACT,Australian Capital Territory,2024.9583,115.1958,15.1958,15.1958,0
ACT,Australian Capital Territory,2025.0,115.0,15.0,15.0,0
NSW,New South Wales,2019.0,100.0,0.0,0,0
NSW,New South Wales,2019.0417,99.6708,-0.3292,0,-0.3292
NSW,New South Wales,2019.0833,99.3417,-0.6583,0,-0.6583
NSW,New South Wales,2019.125,99.0125,-0.9875,0,-0.9875
NSW,New South Wales,2019.1667,98.6833,-1.3167,0,-1.3167
NSW,New South Wales,2019.2083,98.3542,-1.6458,0,-1.6458
NSW,New South Wales,2019.25,98.025,-1.975,0,-1.975
NSW,New South Wales,2019.2917,97.6958,-2.3042,0,-2.3042
NSW,New South Wales,2019.3333,97.3667,-2.6333,0,-2.6333
NSW,New South Wales,2019.375,97.0375,-2.9625,0,-2.9625
NSW,New South Wales,2019.4167,96.7083,-3.2917,0,-3.2917
NSW,New South Wales,2019.4583,96.3792,-3.6208,0,-3.6208
NSW,New South Wales,2019.5,96.05,-3.95,0,-3.95
NSW,New South Wales,2019.5417,95.7208,-4.2792,0,-4.2792
NSW,New South Wales,2019.5833,95.3917,-4.6083,0,-4.6083
NSW,New South Wales,2019.625,95.0625,-4.9375,0,-4.9375
NSW,New South Wales,2019.6667,94.7333,-5.2667,0,-5.2667
NSW,New South Wales,2019.7083,94.4042,-5.5958,0,-5.5958
NSW,New South Wales,2019.75,94.075,-5.925,0,-5.925
NSW,New South Wales,2019.7917,93.7458,-6.2542,0,-6.2542
NSW,New South Wales,2019.8333,93.4167,-6.5833,0,-6.5833
NSW,New South Wales,2019.875,93.0875,-6.9125,0,-6.9125
NSW,New South Wales,2019.9167,92.7583,-7.2417,0,-7.2417
NSW,New South Wales,2019.9583,92.4292,-7.5708,0,-7.5708
NSW,New South Wales,2020.0,92.1,-7.9,0,-7.9
NSW,New South Wales,2020.0417,91.375,-8.625,0,-8.625
NSW,New South Wales,2020.0833,90.65,-9.35,0,-9.35
NSW,New South Wales,2020.125,89.925,-10.075,0,-10.075
NSW,New South Wales,2020.1667,89.2,-10.8,0,-10.8
NSW,New South Wales,2020.2083,88.475,-11.525,0,-11.525
NSW,New South Wales,2020.25,87.75,-12.25,0,-12.25
NSW,New South Wales,2020.2917,87.025,-12.975,0,-12.975
NSW,New South Wales,2020.3333,86.3,-13.7,0,-13.7
NSW,New South Wales,2020.375,85.575,-14.425,0,-14.425
NSW,New South Wales,2020.4167,84.85,-15.15,0,-15.15
NSW,New South Wales,2020.4583,84.125,-15.875,0,-15.875
NSW,New South Wales,2020.5,83.4,-16.6,0,-16.6
NSW,New South Wales,2020.5417,82.675,-17.325,0,-17.325
NSW,New South Wales,2020.5833,81.95,-18.05,0,-18.05
NSW,New South Wales,2020.625,81.225,-18.775,0,-18.775
NSW,New South Wales,2020.6667,80.5,-19.5,0,-19.5
NSW,New South Wales,2020.7083,79.775,-20.225,0,-20.225
NSW,New South Wales,2020.75,79.05,-20.95,0,-20.95
NSW,New South Wales,2020.7917,78.325,-21.675,0,-21.675
NSW,New South Wales,2020.8333,77.6,-22.4,0,-22.4
NSW,New South Wales,2020.875,76.875,-23.125,0,-23.125
NSW,New South Wales,2020.9167,76.15,-23.85,0,-23.85
NSW,New South Wales,2020.9583,75.425,-24.575,0,-24.575
NSW,New South Wales,2021.0,74.7,-25.3,0,-25.3
NSW,New South Wales,2021.0417,74.9,-25.1,0,-25.1
NSW,New South Wales,2021.0833,75.1,-24.9,0,-24.9
NSW,New South Wales,2021.125,75.3,-24.7,0,-24.7
NSW,New South Wales,2021.1667,75.5,-24.5,0,-24.5
NSW,New South Wales,2021.2083,75.7,-24.3,0,-24.3
NSW,New South Wales,2021.25,75.9,-24.1,0,-24.1
NSW,New South Wales,2021.2917,76.1,-23.9,0,-23.9
NSW,New South Wales,2021.3333,76.3,-23.7,0,-23.7
NSW,New South Wales,2021.375,76.5,-23.5,0,-23.5
NSW,New South Wales,2021.4167,76.7,-23.3,0,-23.3
NSW,New South Wales,2021.4583,76.9,-23.1,0,-23.1
NSW,New South Wales,2021.5,77.1,-22.9,0,-22.9
NSW,New South Wales,2021.5417,77.3,-22.7,0,-22.7
NSW,New South Wales,2021.5833,77.5,-22.5,0,-22.5
NSW,New South Wales,2021.625,77.7,-22.3,0,-22.3
NSW,New South Wales,2021.6667,77.9,-22.1,0,-22.1
NSW,New South Wales,2021.7083,78.1,-21.9,0,-21.9
NSW,New South Wales,2021.75,78.3,-21.7,0,-21.7
NSW,New South Wales,2021.7917,78.5,-21.5,0,-21.5
NSW,New South Wales,2021.8333,78.7,-21.3,0,-21.3
NSW,New South Wales,2021.875,78.9,-21.1,0,-21.1
NSW,New South Wales,2021.9167,79.1,-20.9,0,-20.9
NSW,New South Wales,2021.9583,79.3,-20.7,0,-20.7
NSW,New South Wales,2022.0,79.5,-20.5,0,-20.5
NSW,New South Wales,2022.0417,80.4333,-19.5667,0,-19.5667
NSW,New South Wales,2022.0833,81.3667,-18.6333,0,-18.6333
NSW,New South Wales,2022.125,82.3,-17.7,0,-17.7
NSW,New South Wales,2022.1667,83.2333,-16.7667,0,-16.7667
NSW,New South Wales,2022.2083,84.1667,-15.8333,0,-15.8333
NSW,New South Wales,2022.25,85.1,-14.9,0,-14.9
NSW,New South Wales,2022.2917,86.0333,-13.9667,0,-13.9667
NSW,New South Wales,2022.3333,86.9667,-13.0333,0,-13.0333
NSW,New South Wales,2022.375,87.9,-12.1,0,-12.1
NSW,New South Wales,2022.4167,88.8333,-11.1667,0,-11.1667
NSW,New South Wales,2022.4583,89.7667,-10.2333,0,-10.2333
NSW,New South Wales,2022.5,90.7,-9.3,0,-9.3
NSW,New South Wales,2022.5417,91.6333,-8.3667,0,-8.3667
NSW,New South Wales,2022.5833,92.5667,-7.4333,0,-7.4333
NSW,New South Wales,2022.625,93.5,-6.5,0,-6.5
NSW,New South Wales,2022.6667,94.4333,-5.5667,0,-5.5667
NSW,New South Wales,2022.7083,95.3667,-4.6333,0,-4.6333
NSW,New South Wales,2022.75,96.3,-3.7,0,-3.7
NSW,New South Wales,2022.7917,97.2333,-2.7667,0,-2.7667
NSW,New South Wales,2022.8333,98.1667,-1.8333,0,-1.8333
NSW,New South Wales,2022.875,99.1,-0.9,0,-0.9
NSW,New South Wales,2022.9167,100.0333,0.0333,0.0333,0
NSW,New South Wales,2022.9583,100.9667,0.9667,0.9667,0
NSW,New South Wales,2023.0,101.9,1.9,1.9,0
NSW,New South Wales,2023.0417,102.4,2.4,2.4,0
NSW,New South Wales,2023.0833,102.9,2.9,2.9,0
NSW,New South Wales,2023.125,103.4,3.4,3.4,0
NSW,New South Wales,2023.1667,103.9,3.9,3.9,0
NSW,New South Wales,2023.2083,104.4,4.4,4.4,0
NSW,New South Wales,2023.25,104.9,4.9,4.9,0
NSW,New South Wales,2023.2917,105.4,5.4,5.4,0
NSW,New South Wales,2023.3333,105.9,5.9,5.9,0
NSW,New South Wales,2023.375,106.4,6.4,6.4,0
NSW,New South Wales,2023.4167,106.9,6.9,6.9,0
NSW,New South Wales,2023.4583,107.4,7.4,7.4,0
NSW,New South Wales,2023.5,107.9,7.9,7.9,0
NSW,New South Wales,2023.5417,108.4,8.4,8.4,0
NSW,New South Wales,2023.5833,108.9,8.9,8.9,0
NSW,New South Wales,2023.625,109.4,9.4,9.4,0
NSW,New South Wales,2023.6667,109.9,9.9,9.9,0
NSW,New South Wales,2023.7083,110.4,10.4,10.4,0
NSW,New South Wales,2023.75,110.9,10.9,10.9,0
NSW,New South Wales,2023.7917,111.4,11.4,11.4,0
NSW,New South Wales,2023.8333,111.9,11.9,11.9,0
NSW,New South Wales,2023.875,112.4,12.4,12.4,0
NSW,New South Wales,2023.9167,112.9,12.9,12.9,0
NSW,New South Wales,2023.9583,113.4,13.4,13.4,0
NSW,New South Wales,2024.0,113.9,13.9,13.9,0
NSW,New South Wales,2024.0417,113.7542,13.7542,13.7542,0
NSW,New South Wales,2024.0833,113.6083,13.6083,13.6083,0
NSW,New South Wales,2024.125,113.4625,13.4625,13.4625,0
NSW,New South Wales,2024.1667,113.3167,13.3167,13.3167,0
NSW,New South Wales,2024.2083,113.1708,13.1708,13.1708,0
NSW,New South Wales,2024.25,113.025,13.025,13.025,0
NSW,New South Wales,2024.2917,112.8792,12.8792,12.8792,0
NSW,New South Wales,2024.3333,112.7333,12.7333,12.7333,0
NSW,New South Wales,2024.375,112.5875,12.5875,12.5875,0
NSW,New South Wales,2024.4167,112.4417,12.4417,12.4417,0
NSW,New South Wales,2024.4583,112.2958,12.2958,12.2958,0
NSW,New South Wales,2024.5,112.15,12.15,12.15,0
NSW,New South Wales,2024.5417,112.0042,12.0042,12.0042,0
NSW,New South Wales,2024.5833,111.8583,11.8583,11.8583,0
NSW,New South Wales,2024.625,111.7125,11.7125,11.7125,0
NSW,New South Wales,2024.6667,111.5667,11.5667,11.5667,0
NSW,New South Wales,2024.7083,111.4208,11.4208,11.4208,0
NSW,New South Wales,2024.75,111.275,11.275,11.275,0
NSW,New South Wales,2024.7917,111.1292,11.1292,11.1292,0
NSW,New South Wales,2024.8333,110.9833,10.9833,10.9833,0
NSW,New South Wales,2024.875,110.8375,10.8375,10.8375,0
NSW,New South Wales,2024.9167,110.6917,10.6917,10.6917,0
NSW,New South Wales,2024.9583,110.5458,10.5458,10.5458,0
NSW,New South Wales,2025.0,110.4,10.4,10.4,0
NT,Northern Territory,2019.0,100.0,0.0,0,0
NT,Northern Territory,2019.0417,101.1917,1.1917,1.1917,0
NT,Northern Territory,2019.0833,102.3833,2.3833,2.3833,0
NT,Northern Territory,2019.125,103.575,3.575,3.575,0
NT,Northern Territory,2019.1667,104.7667,4.7667,4.7667,0
NT,Northern Territory,2019.2083,105.9583,5.9583,5.9583,0
NT,Northern Territory,2019.25,107.15,7.15,7.15,0
NT,Northern Territory,2019.2917,108.3417,8.3417,8.3417,0
NT,Northern Territory,2019.3333,109.5333,9.5333,9.5333,0
NT,Northern Territory,2019.375,110.725,10.725,10.725,0
NT,Northern Territory,2019.4167,111.9167,11.9167,11.9167,0
NT,Northern Territory,2019.4583,113.1083,13.1083,13.1083,0
NT,Northern Territory,2019.5,114.3,14.3,14.3,0
NT,Northern Territory,2019.5417,115.4917,15.4917,15.4917,0
NT,Northern Territory,2019.5833,116.6833,16.6833,16.6833,0
NT,Northern Territory,2019.625,117.875,17.875,17.875,0
NT,Northern Territory,2019.6667,119.0667,19.0667,19.0667,0
NT,Northern Territory,2019.7083,120.2583,20.2583,20.2583,0
NT,Northern Territory,2019.75,121.45,21.45,21.45,0
NT,Northern Territory,2019.7917,122.6417,22.6417,22.6417,0
NT,Northern Territory,2019.8333,123.8333,23.8333,23.8333,0
NT,Northern Territory,2019.875,125.025,25.025,25.025,0
NT,Northern Territory,2019.9167,126.2167,26.2167,26.2167,0
NT,Northern Territory,2019.9583,127.4083,27.4083,27.4083,0
NT,Northern Territory,2020.0,128.6,28.6,28.6,0
NT,Northern Territory,2020.0417,128.2542,28.2542,28.2542,0
NT,Northern Territory,2020.0833,127.9083,27.9083,27.9083,0
NT,Northern Territory,2020.125,127.5625,27.5625,27.5625,0
NT,Northern Territory,2020.1667,127.2167,27.2167,27.2167,0
NT,Northern Territory,2020.2083,126.8708,26.8708,26.8708,0
NT,Northern Territory,2020.25,126.525,26.525,26.525,0
NT,Northern Territory,2020.2917,126.1792,26.1792,26.1792,0
NT,Northern Territory,2020.3333,125.8333,25.8333,25.8333,0
NT,Northern Territory,2020.375,125.4875,25.4875,25.4875,0
NT,Northern Territory,2020.4167,125.1417,25.1417,25.1417,0
NT,Northern Territory,2020.4583,124.7958,24.7958,24.7958,0
NT,Northern Territory,2020.5,124.45,24.45,24.45,0
NT,Northern Territory,2020.5417,124.1042,24.1042,24.1042,0
NT,Northern Territory,2020.5833,123.7583,23.7583,23.7583,0
NT,Northern Territory,2020.625,123.4125,23.4125,23.4125,0
NT,Northern Territory,2020.6667,123.0667,23.0667,23.0667,0
NT,Northern Territory,2020.7083,122.7208,22.7208,22.7208,0
NT,Northern Territory,2020.75,122.375,22.375,22.375,0
NT,Northern Territory,2020.7917,122.0292,22.0292,22.0292,0
NT,Northern Territory,2020.8333,121.6833,21.6833,21.6833,0
NT,Northern Territory,2020.875,121.3375,21.3375,21.3375,0
NT,Northern Territory,2020.9167,120.9917,20.9917,20.9917,0
NT,Northern Territory,2020.9583,120.6458,20.6458,20.6458,0
NT,Northern Territory,2021.0,120.3,20.3,20.3,0
NT,Northern Territory,2021.0417,120.0625,20.0625,20.0625,0
NT,Northern Territory,2021.0833,119.825,19.825,19.825,0
NT,Northern Territory,2021.125,119.5875,19.5875,19.5875,0
NT,Northern Territory,2021.1667,119.35,19.35,19.35,0
NT,Northern Territory,2021.2083,119.1125,19.1125,19.1125,0
NT,Northern Territory,2021.25,118.875,18.875,18.875,0
NT,Northern Territory,2021.2917,118.6375,18.6375,18.6375,0
NT,Northern Territory,2021.3333,118.4,18.4,18.4,0
NT,Northern Territory,2021.375,118.1625,18.1625,18.1625,0
NT,Northern Territory,2021.4167,117.925,17.925,17.925,0
NT,Northern Territory,2021.4583,117.6875,17.6875,17.6875,0
NT,Northern Territory,2021.5,117.45,17.45,17.45,0
NT,Northern Territory,2021.5417,117.2125,17.2125,17.2125,0
NT,Northern Territory,2021.5833,116.975,16.975,16.975,0
NT,Northern Territory,2021.625,116.7375,16.7375,16.7375,0
NT,Northern Territory,2021.6667,116.5,16.5,16.5,0
NT,Northern Territory,2021.7083,116.2625,16.2625,16.2625,0
NT,Northern Territory,2021.75,116.025,16.025,16.025,0
NT,Northern Territory,2021.7917,115.7875,15.7875,15.7875,0
NT,Northern Territory,2021.8333,115.55,15.55,15.55,0
NT,Northern Territory,2021.875,115.3125,15.3125,15.3125,0
NT,Northern Territory,2021.9167,115.075,15.075,15.075,0
NT,Northern Territory,2021.9583,114.8375,14.8375,14.8375,0
NT,Northern Territory,2022.0,114.6,14.6,14.6,0
NT,Northern Territory,2022.0417,116.1708,16.1708,16.1708,0
NT,Northern Territory,2022.0833,117.7417,17.7417,17.7417,0
NT,Northern Territory,2022.125,119.3125,19.3125,19.3125,0
NT,Northern Territory,2022.1667,120.8833,20.8833,20.8833,0
NT,Northern Territory,2022.2083,122.4542,22.4542,22.4542,0
NT,Northern Territory,2022.25,124.025,24.025,24.025,0
NT,Northern Territory,2022.2917,125.5958,25.5958,25.5958,0
NT,Northern Territory,2022.3333,127.1667,27.1667,27.1667,0
NT,Northern Territory,2022.375,128.7375,28.7375,28.7375,0
NT,Northern Territory,2022.4167,130.3083,30.3083,30.3083,0
NT,Northern Territory,2022.4583,131.8792,31.8792,31.8792,0
NT,Northern Territory,2022.5,133.45,33.45,33.45,0
NT,Northern Territory,2022.5417,135.0208,35.0208,35.0208,0
NT,Northern Territory,2022.5833,136.5917,36.5917,36.5917,0
NT,Northern Territory,2022.625,138.1625,38.1625,38.1625,0
NT,Northern Territory,2022.6667,139.7333,39.7333,39.7333,0
NT,Northern Territory,2022.7083,141.3042,41.3042,41.3042,0
NT,Northern Territory,2022.75,142.875,42.875,42.875,0
NT,Northern Territory,2022.7917,144.4458,44.4458,44.4458,0
NT,Northern Territory,2022.8333,146.0167,46.0167,46.0167,0
NT,Northern Territory,2022.875,147.5875,47.5875,47.5875,0
NT,Northern Territory,2022.9167,149.1583,49.1583,49.1583,0
NT,Northern Territory,2022.9583,150.7292,50.7292,50.7292,0
NT,Northern Territory,2023.0,152.3,52.3,52.3,0
NT,Northern Territory,2023.0417,152.4667,52.4667,52.4667,0
NT,Northern Territory,2023.0833,152.6333,52.6333,52.6333,0
NT,Northern Territory,2023.125,152.8,52.8,52.8,0
NT,Northern Territory,2023.1667,152.9667,52.9667,52.9667,0
NT,Northern Territory,2023.2083,153.1333,53.1333,53.1333,0
NT,Northern Territory,2023.25,153.3,53.3,53.3,0
NT,Northern Territory,2023.2917,153.4667,53.4667,53.4667,0
NT,Northern Territory,2023.3333,153.6333,53.6333,53.6333,0
NT,Northern Territory,2023.375,153.8,53.8,53.8,0
NT,Northern Territory,2023.4167,153.9667,53.9667,53.9667,0
NT,Northern Territory,2023.4583,154.1333,54.1333,54.1333,0
NT,Northern Territory,2023.5,154.3,54.3,54.3,0
NT,Northern Territory,2023.5417,154.4667,54.4667,54.4667,0
NT,Northern Territory,2023.5833,154.6333,54.6333,54.6333,0
NT,Northern Territory,2023.625,154.8,54.8,54.8,0
NT,Northern Territory,2023.6667,154.9667,54.9667,54.9667,0
NT,Northern Territory,2023.7083,155.1333,55.1333,55.1333,0
NT,Northern Territory,2023.75,155.3,55.3,55.3,0
NT,Northern Territory,2023.7917,155.4667,55.4667,55.4667,0
NT,Northern Territory,2023.8333,155.6333,55.6333,55.6333,0
NT,Northern Territory,2023.875,155.8,55.8,55.8,0
NT,Northern Territory,2023.9167,155.9667,55.9667,55.9667,0
NT,Northern Territory,2023.9583,156.1333,56.1333,56.1333,0
NT,Northern Territory,2024.0,156.3,56.3,56.3,0
NT,Northern Territory,2024.0417,156.6208,56.6208,56.6208,0
NT,Northern Territory,2024.0833,156.9417,56.9417,56.9417,0
NT,Northern Territory,2024.125,157.2625,57.2625,57.2625,0
NT,Northern Territory,2024.1667,157.5833,57.5833,57.5833,0
NT,Northern Territory,2024.2083,157.9042,57.9042,57.9042,0
NT,Northern Territory,2024.25,158.225,58.225,58.225,0
NT,Northern Territory,2024.2917,158.5458,58.5458,58.5458,0
NT,Northern Territory,2024.3333,158.8667,58.8667,58.8667,0
NT,Northern Territory,2024.375,159.1875,59.1875,59.1875,0
NT,Northern Territory,2024.4167,159.5083,59.5083,59.5083,0
NT,Northern Territory,2024.4583,159.8292,59.8292,59.8292,0
NT,Northern Territory,2024.5,160.15,60.15,60.15,0
NT,Northern Territory,2024.5417,160.4708,60.4708,60.4708,0
NT,Northern Territory,2024.5833,160.7917,60.7917,60.7917,0
NT,Northern Territory,2024.625,161.1125,61.1125,61.1125,0
NT,Northern Territory,2024.6667,161.4333,61.4333,61.4333,0
NT,Northern Territory,2024.7083,161.7542,61.7542,61.7542,0
NT,Northern Territory,2024.75,162.075,62.075,62.075,0
NT,Northern Territory,2024.7917,162.3958,62.3958,62.3958,0
NT,Northern Territory,2024.8333,162.7167,62.7167,62.7167,0
NT,Northern Territory,2024.875,163.0375,63.0375,63.0375,0
NT,Northern Territory,2024.9167,163.3583,63.3583,63.3583,0
NT,Northern Territory,2024.9583,163.6792,63.6792,63.6792,0
NT,Northern Territory,2025.0,164.0,64.0,64.0,0
QLD,Queensland,2019.0,100.0,0.0,0,0
QLD,Queensland,2019.0417,99.525,-0.475,0,-0.475
QLD,Queensland,2019.0833,99.05,-0.95,0,-0.95
QLD,Queensland,2019.125,98.575,-1.425,0,-1.425
QLD,Queensland,2019.1667,98.1,-1.9,0,-1.9
QLD,Queensland,2019.2083,97.625,-2.375,0,-2.375
QLD,Queensland,2019.25,97.15,-2.85,0,-2.85
QLD,Queensland,2019.2917,96.675,-3.325,0,-3.325
QLD,Queensland,2019.3333,96.2,-3.8,0,-3.8
QLD,Queensland,2019.375,95.725,-4.275,0,-4.275
QLD,Queensland,2019.4167,95.25,-4.75,0,-4.75
QLD,Queensland,2019.4583,94.775,-5.225,0,-5.225
QLD,Queensland,2019.5,94.3,-5.7,0,-5.7
QLD,Queensland,2019.5417,93.825,-6.175,0,-6.175
QLD,Queensland,2019.5833,93.35,-6.65,0,-6.65
QLD,Queensland,2019.625,92.875,-7.125,0,-7.125
QLD,Queensland,2019.6667,92.4,-7.6,0,-7.6
QLD,Queensland,2019.7083,91.925,-8.075,0,-8.075
QLD,Queensland,2019.75,91.45,-8.55,0,-8.55
QLD,Queensland,2019.7917,90.975,-9.025,0,-9.025
QLD,Queensland,2019.8333,90.5,-9.5,0,-9.5
QLD,Queensland,2019.875,90.025,-9.975,0,-9.975
QLD,Queensland,2019.9167,89.55,-10.45,0,-10.45
QLD,Queensland,2019.9583,89.075,-10.925,0,-10.925
QLD,Queensland,2020.0,88.6,-11.4,0,-11.4
QLD,Queensland,2020.0417,87.7583,-12.2417,0,-12.2417
QLD,Queensland,2020.0833,86.9167,-13.0833,0,-13.0833
QLD,Queensland,2020.125,86.075,-13.925,0,-13.925
QLD,Queensland,2020.1667,85.2333,-14.7667,0,-14.7667
QLD,Queensland,2020.2083,84.3917,-15.6083,0,-15.6083
QLD,Queensland,2020.25,83.55,-16.45,0,-16.45
QLD,Queensland,2020.2917,82.7083,-17.2917,0,-17.2917
QLD,Queensland,2020.3333,81.8667,-18.1333,0,-18.1333
QLD,Queensland,2020.375,81.025,-18.975,0,-18.975
QLD,Queensland,2020.4167,80.1833,-19.8167,0,-19.8167
QLD,Queensland,2020.4583,79.3417,-20.6583,0,-20.6583
QLD,Queensland,2020.5,78.5,-21.5,0,-21.5
QLD,Queensland,2020.5417,77.6583,-22.3417,0,-22.3417
QLD,Queensland,2020.5833,76.8167,-23.1833,0,-23.1833
QLD,Queensland,2020.625,75.975,-24.025,0,-24.025
QLD,Queensland,2020.6667,75.1333,-24.8667,0,-24.8667
QLD,Queensland,2020.7083,74.2917,-25.7083,0,-25.7083
QLD,Queensland,2020.75,73.45,-26.55,0,-26.55
QLD,Queensland,2020.7917,72.6083,-27.3917,0,-27.3917
QLD,Queensland,2020.8333,71.7667,-28.2333,0,-28.2333
QLD,Queensland,2020.875,70.925,-29.075,0,-29.075
QLD,Queensland,2020.9167,70.0833,-29.9167,0,-29.9167
QLD,Queensland,2020.9583,69.2417,-30.7583,0,-30.7583
QLD,Queensland,2021.0,68.4,-31.6,0,-31.6
QLD,Queensland,2021.0417,68.6333,-31.3667,0,-31.3667
QLD,Queensland,2021.0833,68.8667,-31.1333,0,-31.1333
QLD,Queensland,2021.125,69.1,-30.9,0,-30.9
QLD,Queensland,2021.1667,69.3333,-30.6667,0,-30.6667
QLD,Queensland,2021.2083,69.5667,-30.4333,0,-30.4333
QLD,Queensland,2021.25,69.8,-30.2,0,-30.2
QLD,Queensland,2021.2917,70.0333,-29.9667,0,-29.9667
QLD,Queensland,2021.3333,70.2667,-29.7333,0,-29.7333
QLD,Queensland,2021.375,70.5,-29.5,0,-29.5
QLD,Queensland,2021.4167,70.7333,-29.2667,0,-29.2667
QLD,Queensland,2021.4583,70.9667,-29.0333,0,-29.0333
QLD,Queensland,2021.5,71.2,-28.8,0,-28.8
QLD,Queensland,2021.5417,71.4333,-28.5667,0,-28.5667
QLD,Queensland,2021.5833,71.6667,-28.3333,0,-28.3333
QLD,Queensland,2021.625,71.9,-28.1,0,-28.1
QLD,Queensland,2021.6667,72.1333,-27.8667,0,-27.8667
QLD,Queensland,2021.7083,72.3667,-27.6333,0,-27.6333
QLD,Queensland,2021.75,72.6,-27.4,0,-27.4
QLD,Queensland,2021.7917,72.8333,-27.1667,0,-27.1667
QLD,Queensland,2021.8333,73.0667,-26.9333,0,-26.9333
QLD,Queensland,2021.875,73.3,-26.7,0,-26.7
QLD,Queensland,2021.9167,73.5333,-26.4667,0,-26.4667
QLD,Queensland,2021.9583,73.7667,-26.2333,0,-26.2333
QLD,Queensland,2022.0,74.0,-26.0,0,-26.0
QLD,Queensland,2022.0417,75.1708,-24.8292,0,-24.8292
QLD,Queensland,2022.0833,76.3417,-23.6583,0,-23.6583
QLD,Queensland,2022.125,77.5125,-22.4875,0,-22.4875
QLD,Queensland,2022.1667,78.6833,-21.3167,0,-21.3167
QLD,Queensland,2022.2083,79.8542,-20.1458,0,-20.1458
QLD,Queensland,2022.25,81.025,-18.975,0,-18.975
QLD,Queensland,2022.2917,82.1958,-17.8042,0,-17.8042
QLD,Queensland,2022.3333,83.3667,-16.6333,0,-16.6333
QLD,Queensland,2022.375,84.5375,-15.4625,0,-15.4625
QLD,Queensland,2022.4167,85.7083,-14.2917,0,-14.2917
QLD,Queensland,2022.4583,86.8792,-13.1208,0,-13.1208
QLD,Queensland,2022.5,88.05,-11.95,0,-11.95
QLD,Queensland,2022.5417,89.2208,-10.7792,0,-10.7792
QLD,Queensland,2022.5833,90.3917,-9.6083,0,-9.6083
QLD,Queensland,2022.625,91.5625,-8.4375,0,-8.4375
QLD,Queensland,2022.6667,92.7333,-7.2667,0,-7.2667
QLD,Queensland,2022.7083,93.9042,-6.0958,0,-6.0958
QLD,Queensland,2022.75,95.075,-4.925,0,-4.925
QLD,Queensland,2022.7917,96.2458,-3.7542,0,-3.7542
QLD,Queensland,2022.8333,97.4167,-2.5833,0,-2.5833
QLD,Queensland,2022.875,98.5875,-1.4125,0,-1.4125
QLD,Queensland,2022.9167,99.7583,-0.2417,0,-0.2417
QLD,Queensland,2022.9583,100.9292,0.9292,0.9292,0
QLD,Queensland,2023.0,102.1,2.1,2.1,0
QLD,Queensland,2023.0417,102.375,2.375,2.375,0
QLD,Queensland,2023.0833,102.65,2.65,2.65,0
QLD,Queensland,2023.125,102.925,2.925,2.925,0
QLD,Queensland,2023.1667,103.2,3.2,3.2,0
QLD,Queensland,2023.2083,103.475,3.475,3.475,0
QLD,Queensland,2023.25,103.75,3.75,3.75,0
QLD,Queensland,2023.2917,104.025,4.025,4.025,0
QLD,Queensland,2023.3333,104.3,4.3,4.3,0
QLD,Queensland,2023.375,104.575,4.575,4.575,0
QLD,Queensland,2023.4167,104.85,4.85,4.85,0
QLD,Queensland,2023.4583,105.125,5.125,5.125,0
QLD,Queensland,2023.5,105.4,5.4,5.4,0
QLD,Queensland,2023.5417,105.675,5.675,5.675,0
QLD,Queensland,2023.5833,105.95,5.95,5.95,0
QLD,Queensland,2023.625,106.225,6.225,6.225,0
QLD,Queensland,2023.6667,106.5,6.5,6.5,0
QLD,Queensland,2023.7083,106.775,6.775,6.775,0
QLD,Queensland,2023.75,107.05,7.05,7.05,0
QLD,Queensland,2023.7917,107.325,7.325,7.325,0
QLD,Queensland,2023.8333,107.6,7.6,7.6,0
QLD,Queensland,2023.875,107.875,7.875,7.875,0
QLD,Queensland,2023.9167,108.15,8.15,8.15,0
QLD,Queensland,2023.9583,108.425,8.425,8.425,0
QLD,Queensland,2024.0,108.7,8.7,8.7,0
QLD,Queensland,2024.0417,108.45,8.45,8.45,0
QLD,Queensland,2024.0833,108.2,8.2,8.2,0
QLD,Queensland,2024.125,107.95,7.95,7.95,0
QLD,Queensland,2024.1667,107.7,7.7,7.7,0
QLD,Queensland,2024.2083,107.45,7.45,7.45,0
QLD,Queensland,2024.25,107.2,7.2,7.2,0
QLD,Queensland,2024.2917,106.95,6.95,6.95,0
QLD,Queensland,2024.3333,106.7,6.7,6.7,0
QLD,Queensland,2024.375,106.45,6.45,6.45,0
QLD,Queensland,2024.4167,106.2,6.2,6.2,0
QLD,Queensland,2024.4583,105.95,5.95,5.95,0
QLD,Queensland,2024.5,105.7,5.7,5.7,0
QLD,Queensland,2024.5417,105.45,5.45,5.45,0
QLD,Queensland,2024.5833,105.2,5.2,5.2,0
QLD,Queensland,2024.625,104.95,4.95,4.95,0
QLD,Queensland,2024.6667,104.7,4.7,4.7,0
QLD,Queensland,2024.7083,104.45,4.45,4.45,0
QLD,Queensland,2024.75,104.2,4.2,4.2,0
QLD,Queensland,2024.7917,103.95,3.95,3.95,0
QLD,Queensland,2024.8333,103.7,3.7,3.7,0
QLD,Queensland,2024.875,103.45,3.45,3.45,0
QLD,Queensland,2024.9167,103.2,3.2,3.2,0
QLD,Queensland,2024.9583,102.95,2.95,2.95,0
QLD,Queensland,2025.0,102.7,2.7,2.7,0
SA,South Australia,2019.0,100.0,0.0,0,0
SA,South Australia,2019.0417,100.1083,0.1083,0.1083,0
SA,South Australia,2019.0833,100.2167,0.2167,0.2167,0
SA,South Australia,2019.125,100.325,0.325,0.325,0
SA,South Australia,2019.1667,100.4333,0.4333,0.4333,0
SA,South Australia,2019.2083,100.5417,0.5417,0.5417,0
SA,South Australia,2019.25,100.65,0.65,0.65,0
SA,South Australia,2019.2917,100.7583,0.7583,0.7583,0
SA,South Australia,2019.3333,100.8667,0.8667,0.8667,0
SA,South Australia,2019.375,100.975,0.975,0.975,0
SA,South Australia,2019.4167,101.0833,1.0833,1.0833,0
SA,South Australia,2019.4583,101.1917,1.1917,1.1917,0
SA,South Australia,2019.5,101.3,1.3,1.3,0
SA,South Australia,2019.5417,101.4083,1.4083,1.4083,0
SA,South Australia,2019.5833,101.5167,1.5167,1.5167,0
SA,South Australia,2019.625,101.625,1.625,1.625,0
SA,South Australia,2019.6667,101.7333,1.7333,1.7333,0
SA,South Australia,2019.7083,101.8417,1.8417,1.8417,0
SA,South Australia,2019.75,101.95,1.95,1.95,0
SA,South Australia,2019.7917,102.0583,2.0583,2.0583,0
SA,South Australia,2019.8333,102.1667,2.1667,2.1667,0
SA,South Australia,2019.875,102.275,2.275,2.275,0
SA,South Australia,2019.9167,102.3833,2.3833,2.3833,0
SA,South Australia,2019.9583,102.4917,2.4917,2.4917,0
SA,South Australia,2020.0,102.6,2.6,2.6,0
SA,South Australia,2020.0417,102.1417,2.1417,2.1417,0
SA,South Australia,2020.0833,101.6833,1.6833,1.6833,0
SA,South Australia,2020.125,101.225,1.225,1.225,0
SA,South Australia,2020.1667,100.7667,0.7667,0.7667,0
SA,South Australia,2020.2083,100.3083,0.3083,0.3083,0
SA,South Australia,2020.25,99.85,-0.15,0,-0.15
SA,South Australia,2020.2917,99.3917,-0.6083,0,-0.6083
SA,South Australia,2020.3333,98.9333,-1.0667,0,-1.0667
SA,South Australia,2020.375,98.475,-1.525,0,-1.525
SA,South Australia,2020.4167,98.0167,-1.9833,0,-1.9833
SA,South Australia,2020.4583,97.5583,-2.4417,0,-2.4417
SA,South Australia,2020.5,97.1,-2.9,0,-2.9
SA,South Australia,2020.5417,96.6417,-3.3583,0,-3.3583
SA,South Australia,2020.5833,96.1833,-3.8167,0,-3.8167
SA,South Australia,2020.625,95.725,-4.275,0,-4.275
SA,South Australia,2020.6667,95.2667,-4.7333,0,-4.7333
SA,South Australia,2020.7083,94.8083,-5.1917,0,-5.1917
SA,South Australia,2020.75,94.35,-5.65,0,-5.65
SA,South Australia,2020.7917,93.8917,-6.1083,0,-6.1083
SA,South Australia,2020.8333,93.4333,-6.5667,0,-6.5667
SA,South Australia,2020.875,92.975,-7.025,0,-7.025
SA,South Australia,2020.9167,92.5167,-7.4833,0,-7.4833
SA,South Australia,2020.9583,92.0583,-7.9417,0,-7.9417
SA,South Australia,2021.0,91.6,-8.4,0,-8.4
SA,South Australia,2021.0417,91.825,-8.175,0,-8.175
SA,South Australia,2021.0833,92.05,-7.95,0,-7.95
SA,South Australia,2021.125,92.275,-7.725,0,-7.725
SA,South Australia,2021.1667,92.5,-7.5,0,-7.5
SA,South Australia,2021.2083,92.725,-7.275,0,-7.275
SA,South Australia,2021.25,92.95,-7.05,0,-7.05
SA,South Australia,2021.2917,93.175,-6.825,0,-6.825
SA,South Australia,2021.3333,93.4,-6.6,0,-6.6
SA,South Australia,2021.375,93.625,-6.375,0,-6.375
SA,South Australia,2021.4167,93.85,-6.15,0,-6.15
SA,South Australia,2021.4583,94.075,-5.925,0,-5.925
SA,South Australia,2021.5,94.3,-5.7,0,-5.7
SA,South Australia,2021.5417,94.525,-5.475,0,-5.475
SA,South Australia,2021.5833,94.75,-5.25,0,-5.25
SA,South Australia,2021.625,94.975,-5.025,0,-5.025
SA,South Australia,2021.6667,95.2,-4.8,0,-4.8
SA,South Australia,2021.7083,95.425,-4.575,0,-4.575
SA,South Australia,2021.75,95.65,-4.35,0,-4.35
SA,South Australia,2021.7917,95.875,-4.125,0,-4.125
SA,South Australia,2021.8333,96.1,-3.9,0,-3.9
SA,South Australia,2021.875,96.325,-3.675,0,-3.675
SA,South Australia,2021.9167,96.55,-3.45,0,-3.45
SA,South Australia,2021.9583,96.775,-3.225,0,-3.225
SA,South Australia,2022.0,97.0,-3.0,0,-3.0
SA,South Australia,2022.0417,98.0875,-1.9125,0,-1.9125
SA,South Australia,2022.0833,99.175,-0.825,0,-0.825
SA,South Australia,2022.125,100.2625,0.2625,0.2625,0
SA,South Australia,2022.1667,101.35,1.35,1.35,0
SA,South Australia,2022.2083,102.4375,2.4375,2.4375,0
SA,South Australia,2022.25,103.525,3.525,3.525,0
SA,South Australia,2022.2917,104.6125,4.6125,4.6125,0
SA,South Australia,2022.3333,105.7,5.7,5.7,0
SA,South Australia,2022.375,106.7875,6.7875,6.7875,0
SA,South Australia,2022.4167,107.875,7.875,7.875,0
SA,South Australia,2022.4583,108.9625,8.9625,8.9625,0
SA,South Australia,2022.5,110.05,10.05,10.05,0
SA,South Australia,2022.5417,111.1375,11.1375,11.1375,0
SA,South Australia,2022.5833,112.225,12.225,12.225,0
SA,South Australia,2022.625,113.3125,13.3125,13.3125,0
SA,South Australia,2022.6667,114.4,14.4,14.4,0
SA,South Australia,2022.7083,115.4875,15.4875,15.4875,0
SA,South Australia,2022.75,116.575,16.575,16.575,0
SA,South Australia,2022.7917,117.6625,17.6625,17.6625,0
SA,South Australia,2022.8333,118.75,18.75,18.75,0
SA,South Australia,2022.875,119.8375,19.8375,19.8375,0
SA,South Australia,2022.9167,120.925,20.925,20.925,0
SA,South Australia,2022.9583,122.0125,22.0125,22.0125,0
SA,South Australia,2023.0,123.1,23.1,23.1,0
SA,South Australia,2023.0417,123.5458,23.5458,23.5458,0
SA,South Australia,2023.0833,123.9917,23.9917,23.9917,0
SA,South Australia,2023.125,124.4375,24.4375,24.4375,0
SA,South Australia,2023.1667,124.8833,24.8833,24.8833,0
SA,South Australia,2023.2083,125.3292,25.3292,25.3292,0
SA,South Australia,2023.25,125.775,25.775,25.775,0
SA,South Australia,2023.2917,126.2208,26.2208,26.2208,0
SA,South Australia,2023.3333,126.6667,26.6667,26.6667,0
SA,South Australia,2023.375,127.1125,27.1125,27.1125,0
SA,South Australia,2023.4167,127.5583,27.5583,27.5583,0
SA,South Australia,2023.4583,128.0042,28.0042,28.0042,0
SA,South Australia,2023.5,128.45,28.45,28.45,0
SA,South Australia,2023.5417,128.8958,28.8958,28.8958,0
SA,South Australia,2023.5833,129.3417,29.3417,29.3417,0
SA,South Australia,2023.625,129.7875,29.7875,29.7875,0
SA,South Australia,2023.6667,130.2333,30.2333,30.2333,0
SA,South Australia,2023.7083,130.6792,30.6792,30.6792,0
SA,South Australia,2023.75,131.125,31.125,31.125,0
SA,South Australia,2023.7917,131.5708,31.5708,31.5708,0
SA,South Australia,2023.8333,132.0167,32.0167,32.0167,0
SA,South Australia,2023.875,132.4625,32.4625,32.4625,0
SA,South Australia,2023.9167,132.9083,32.9083,32.9083,0
SA,South Australia,2023.9583,133.3542,33.3542,33.3542,0
SA,South Australia,2024.0,133.8,33.8,33.8,0
SA,South Australia,2024.0417,133.5875,33.5875,33.5875,0
SA,South Australia,2024.0833,133.375,33.375,33.375,0
SA,South Australia,2024.125,133.1625,33.1625,33.1625,0
SA,South Australia,2024.1667,132.95,32.95,32.95,0
SA,South Australia,2024.2083,132.7375,32.7375,32.7375,0
SA,South Australia,2024.25,132.525,32.525,32.525,0
SA,South Australia,2024.2917,132.3125,32.3125,32.3125,0
SA,South Australia,2024.3333,132.1,32.1,32.1,0
SA,South Australia,2024.375,131.8875,31.8875,31.8875,0
SA,South Australia,2024.4167,131.675,31.675,31.675,0
SA,South Australia,2024.4583,131.4625,31.4625,31.4625,0
SA,South Australia,2024.5,131.25,31.25,31.25,0
SA,South Australia,2024.5417,131.0375,31.0375,31.0375,0
SA,South Australia,2024.5833,130.825,30.825,30.825,0
SA,South Australia,2024.625,130.6125,30.6125,30.6125,0
SA,South Australia,2024.6667,130.4,30.4,30.4,0
SA,South Australia,2024.7083,130.1875,30.1875,30.1875,0
SA,South Australia,2024.75,129.975,29.975,29.975,0
SA,South Australia,2024.7917,129.7625,29.7625,29.7625,0
SA,South Australia,2024.8333,129.55,29.55,29.55,0
SA,South Australia,2024.875,129.3375,29.3375,29.3375,0
SA,South Australia,2024.9167,129.125,29.125,29.125,0
SA,South Australia,2024.9583,128.9125,28.9125,28.9125,0
SA,South Australia,2025.0,128.7,28.7,28.7,0
TAS,Tasmania,2019.0,100.0,0.0,0,0
TAS,Tasmania,2019.0417,100.1458,0.1458,0.1458,0
TAS,Tasmania,2019.0833,100.2917,0.2917,0.2917,0
TAS,Tasmania,2019.125,100.4375,0.4375,0.4375,0
TAS,Tasmania,2019.1667,100.5833,0.5833,0.5833,0
TAS,Tasmania,2019.2083,100.7292,0.7292,0.7292,0
TAS,Tasmania,2019.25,100.875,0.875,0.875,0
TAS,Tasmania,2019.2917,101.0208,1.0208,1.0208,0
TAS,Tasmania,2019.3333,101.1667,1.1667,1.1667,0
TAS,Tasmania,2019.375,101.3125,1.3125,1.3125,0
TAS,Tasmania,2019.4167,101.4583,1.4583,1.4583,0
TAS,Tasmania,2019.4583,101.6042,1.6042,1.6042,0
TAS,Tasmania,2019.5,101.75,1.75,1.75,0
TAS,Tasmania,2019.5417,101.8958,1.8958,1.8958,0
TAS,Tasmania,2019.5833,102.0417,2.0417,2.0417,0
TAS,Tasmania,2019.625,102.1875,2.1875,2.1875,0
TAS,Tasmania,2019.6667,102.3333,2.3333,2.3333,0
TAS,Tasmania,2019.7083,102.4792,2.4792,2.4792,0
TAS,Tasmania,2019.75,102.625,2.625,2.625,0
TAS,Tasmania,2019.7917,102.7708,2.7708,2.7708,0
TAS,Tasmania,2019.8333,102.9167,2.9167,2.9167,0
TAS,Tasmania,2019.875,103.0625,3.0625,3.0625,0
TAS,Tasmania,2019.9167,103.2083,3.2083,3.2083,0
TAS,Tasmania,2019.9583,103.3542,3.3542,3.3542,0
TAS,Tasmania,2020.0,103.5,3.5,3.5,0
TAS,Tasmania,2020.0417,102.975,2.975,2.975,0
TAS,Tasmania,2020.0833,102.45,2.45,2.45,0
TAS,Tasmania,2020.125,101.925,1.925,1.925,0
TAS,Tasmania,2020.1667,101.4,1.4,1.4,0
TAS,Tasmania,2020.2083,100.875,0.875,0.875,0
TAS,Tasmania,2020.25,100.35,0.35,0.35,0
TAS,Tasmania,2020.2917,99.825,-0.175,0,-0.175
TAS,Tasmania,2020.3333,99.3,-0.7,0,-0.7
TAS,Tasmania,2020.375,98.775,-1.225,0,-1.225
TAS,Tasmania,2020.4167,98.25,-1.75,0,-1.75
TAS,Tasmania,2020.4583,97.725,-2.275,0,-2.275
TAS,Tasmania,2020.5,97.2,-2.8,0,-2.8
TAS,Tasmania,2020.5417,96.675,-3.325,0,-3.325
TAS,Tasmania,2020.5833,96.15,-3.85,0,-3.85
TAS,Tasmania,2020.625,95.625,-4.375,0,-4.375
TAS,Tasmania,2020.6667,95.1,-4.9,0,-4.9
TAS,Tasmania,2020.7083,94.575,-5.425,0,-5.425
TAS,Tasmania,2020.75,94.05,-5.95,0,-5.95
TAS,Tasmania,2020.7917,93.525,-6.475,0,-6.475
TAS,Tasmania,2020.8333,93.0,-7.0,0,-7.0
TAS,Tasmania,2020.875,92.475,-7.525,0,-7.525
TAS,Tasmania,2020.9167,91.95,-8.05,0,-8.05
TAS,Tasmania,2020.9583,91.425,-8.575,0,-8.575
TAS,Tasmania,2021.0,90.9,-9.1,0,-9.1
TAS,Tasmania,2021.0417,90.4875,-9.5125,0,-9.5125
TAS,Tasmania,2021.0833,90.075,-9.925,0,-9.925
TAS,Tasmania,2021.125,89.6625,-10.3375,0,-10.3375
TAS,Tasmania,2021.1667,89.25,-10.75,0,-10.75
TAS,Tasmania,2021.2083,88.8375,-11.1625,0,-11.1625
TAS,Tasmania,2021.25,88.425,-11.575,0,-11.575
TAS,Tasmania,2021.2917,88.0125,-11.9875,0,-11.9875
TAS,Tasmania,2021.3333,87.6,-12.4,0,-12.4
TAS,Tasmania,2021.375,87.1875,-12.8125,0,-12.8125
TAS,Tasmania,2021.4167,86.775,-13.225,0,-13.225
TAS,Tasmania,2021.4583,86.3625,-13.6375,0,-13.6375
TAS,Tasmania,2021.5,85.95,-14.05,0,-14.05
TAS,Tasmania,2021.5417,85.5375,-14.4625,0,-14.4625
TAS,Tasmania,2021.5833,85.125,-14.875,0,-14.875
TAS,Tasmania,2021.625,84.7125,-15.2875,0,-15.2875
TAS,Tasmania,2021.6667,84.3,-15.7,0,-15.7
TAS,Tasmania,2021.7083,83.8875,-16.1125,0,-16.1125
TAS,Tasmania,2021.75,83.475,-16.525,0,-16.525
TAS,Tasmania,2021.7917,83.0625,-16.9375,0,-16.9375
TAS,Tasmania,2021.8333,82.65,-17.35,0,-17.35
TAS,Tasmania,2021.875,82.2375,-17.7625,0,-17.7625
TAS,Tasmania,2021.9167,81.825,-18.175,0,-18.175
TAS,Tasmania,2021.9583,81.4125,-18.5875,0,-18.5875
TAS,Tasmania,2022.0,81.0,-19.0,0,-19.0
TAS,Tasmania,2022.0417,80.4875,-19.5125,0,-19.5125
TAS,Tasmania,2022.0833,79.975,-20.025,0,-20.025
TAS,Tasmania,2022.125,79.4625,-20.5375,0,-20.5375
TAS,Tasmania,2022.1667,78.95,-21.05,0,-21.05
TAS,Tasmania,2022.2083,78.4375,-21.5625,0,-21.5625
TAS,Tasmania,2022.25,77.925,-22.075,0,-22.075
TAS,Tasmania,2022.2917,77.4125,-22.5875,0,-22.5875
TAS,Tasmania,2022.3333,76.9,-23.1,0,-23.1
TAS,Tasmania,2022.375,76.3875,-23.6125,0,-23.6125
TAS,Tasmania,2022.4167,75.875,-24.125,0,-24.125
TAS,Tasmania,2022.4583,75.3625,-24.6375,0,-24.6375
TAS,Tasmania,2022.5,74.85,-25.15,0,-25.15
TAS,Tasmania,2022.5417,74.3375,-25.6625,0,-25.6625
TAS,Tasmania,2022.5833,73.825,-26.175,0,-26.175
TAS,Tasmania,2022.625,73.3125,-26.6875,0,-26.6875
TAS,Tasmania,2022.6667,72.8,-27.2,0,-27.2
TAS,Tasmania,2022.7083,72.2875,-27.7125,0,-27.7125
TAS,Tasmania,2022.75,71.775,-28.225,0,-28.225
TAS,Tasmania,2022.7917,71.2625,-28.7375,0,-28.7375
TAS,Tasmania,2022.8333,70.75,-29.25,0,-29.25
TAS,Tasmania,2022.875,70.2375,-29.7625,0,-29.7625
TAS,Tasmania,2022.9167,69.725,-30.275,0,-30.275
TAS,Tasmania,2022.9583,69.2125,-30.7875,0,-30.7875
TAS,Tasmania,2023.0,68.7,-31.3,0,-31.3
TAS,Tasmania,2023.0417,68.5958,-31.4042,0,-31.4042
TAS,Tasmania,2023.0833,68.4917,-31.5083,0,-31.5083
TAS,Tasmania,2023.125,68.3875,-31.6125,0,-31.6125
TAS,Tasmania,2023.1667,68.2833,-31.7167,0,-31.7167
TAS,Tasmania,2023.2083,68.1792,-31.8208,0,-31.8208
TAS,Tasmania,2023.25,68.075,-31.925,0,-31.925
TAS,Tasmania,2023.2917,67.9708,-32.0292,0,-32.0292
TAS,Tasmania,2023.3333,67.8667,-32.1333,0,-32.1333
TAS,Tasmania,2023.375,67.7625,-32.2375,0,-32.2375
TAS,Tasmania,2023.4167,67.6583,-32.3417,0,-32.3417
TAS,Tasmania,2023.4583,67.5542,-32.4458,0,-32.4458
TAS,Tasmania,2023.5,67.45,-32.55,0,-32.55
TAS,Tasmania,2023.5417,67.3458,-32.6542,0,-32.6542
TAS,Tasmania,2023.5833,67.2417,-32.7583,0,-32.7583
TAS,Tasmania,2023.625,67.1375,-32.8625,0,-32.8625
TAS,Tasmania,2023.6667,67.0333,-32.9667,0,-32.9667
TAS,Tasmania,2023.7083,66.9292,-33.0708,0,-33.0708
TAS,Tasmania,2023.75,66.825,-33.175,0,-33.175
TAS,Tasmania,2023.7917,66.7208,-33.2792,0,-33.2792
TAS,Tasmania,2023.8333,66.6167,-33.3833,0,-33.3833
TAS,Tasmania,2023.875,66.5125,-33.4875,0,-33.4875
TAS,Tasmania,2023.9167,66.4083,-33.5917,0,-33.5917
TAS,Tasmania,2023.9583,66.3042,-33.6958,0,-33.6958
TAS,Tasmania,2024.0,66.2,-33.8,0,-33.8
TAS,Tasmania,2024.0417,65.9708,-34.0292,0,-34.0292
TAS,Tasmania,2024.0833,65.7417,-34.2583,0,-34.2583
TAS,Tasmania,2024.125,65.5125,-34.4875,0,-34.4875
TAS,Tasmania,2024.1667,65.2833,-34.7167,0,-34.7167
TAS,Tasmania,2024.2083,65.0542,-34.9458,0,-34.9458
TAS,Tasmania,2024.25,64.825,-35.175,0,-35.175
TAS,Tasmania,2024.2917,64.5958,-35.4042,0,-35.4042
TAS,Tasmania,2024.3333,64.3667,-35.6333,0,-35.6333
TAS,Tasmania,2024.375,64.1375,-35.8625,0,-35.8625
TAS,Tasmania,2024.4167,63.9083,-36.0917,0,-36.0917
TAS,Tasmania,2024.4583,63.6792,-36.3208,0,-36.3208
TAS,Tasmania,2024.5,63.45,-36.55,0,-36.55
TAS,Tasmania,2024.5417,63.2208,-36.7792,0,-36.7792
TAS,Tasmania,2024.5833,62.9917,-37.0083,0,-37.0083
TAS,Tasmania,2024.625,62.7625,-37.2375,0,-37.2375
TAS,Tasmania,2024.6667,62.5333,-37.4667,0,-37.4667
TAS,Tasmania,2024.7083,62.3042,-37.6958,0,-37.6958
TAS,Tasmania,2024.75,62.075,-37.925,0,-37.925
TAS,Tasmania,2024.7917,61.8458,-38.1542,0,-38.1542
TAS,Tasmania,2024.8333,61.6167,-38.3833,0,-38.3833
TAS,Tasmania,2024.875,61.3875,-38.6125,0,-38.6125
TAS,Tasmania,2024.9167,61.1583,-38.8417,0,-38.8417
TAS,Tasmania,2024.9583,60.9292,-39.0708,0,-39.0708
TAS,Tasmania,2025.0,60.7,-39.3,0,-39.3
VIC,Victoria,2019.0,100.0,0.0,0,0
VIC,Victoria,2019.0417,99.6667,-0.3333,0,-0.3333
VIC,Victoria,2019.0833,99.3333,-0.6667,0,-0.6667
VIC,Victoria,2019.125,99.0,-1.0,0,-1.0
VIC,Victoria,2019.1667,98.6667,-1.3333,0,-1.3333
VIC,Victoria,2019.2083,98.3333,-1.6667,0,-1.6667
VIC,Victoria,2019.25,98.0,-2.0,0,-2.0
VIC,Victoria,2019.2917,97.6667,-2.3333,0,-2.3333
VIC,Victoria,2019.3333,97.3333,-2.6667,0,-2.6667
VIC,Victoria,2019.375,97.0,-3.0,0,-3.0
VIC,Victoria,2019.4167,96.6667,-3.3333,0,-3.3333
VIC,Victoria,2019.4583,96.3333,-3.6667,0,-3.6667
VIC,Victoria,2019.5,96.0,-4.0,0,-4.0
VIC,Victoria,2019.5417,95.6667,-4.3333,0,-4.3333
VIC,Victoria,2019.5833,95.3333,-4.6667,0,-4.6667
VIC,Victoria,2019.625,95.0,-5.0,0,-5.0
VIC,Victoria,2019.6667,94.6667,-5.3333,0,-5.3333
VIC,Victoria,2019.7083,94.3333,-5.6667,0,-5.6667
VIC,Victoria,2019.75,94.0,-6.0,0,-6.0
VIC,Victoria,2019.7917,93.6667,-6.3333,0,-6.3333
VIC,Victoria,2019.8333,93.3333,-6.6667,0,-6.6667
VIC,Victoria,2019.875,93.0,-7.0,0,-7.0
VIC,Victoria,2019.9167,92.6667,-7.3333,0,-7.3333
VIC,Victoria,2019.9583,92.3333,-7.6667,0,-7.6667
VIC,Victoria,2020.0,92.0,-8.0,0,-8.0
VIC,Victoria,2020.0417,91.2458,-8.7542,0,-8.7542
VIC,Victoria,2020.0833,90.4917,-9.5083,0,-9.5083
VIC,Victoria,2020.125,89.7375,-10.2625,0,-10.2625
VIC,Victoria,2020.1667,88.9833,-11.0167,0,-11.0167
VIC,Victoria,2020.2083,88.2292,-11.7708,0,-11.7708
VIC,Victoria,2020.25,87.475,-12.525,0,-12.525
VIC,Victoria,2020.2917,86.7208,-13.2792,0,-13.2792
VIC,Victoria,2020.3333,85.9667,-14.0333,0,-14.0333
VIC,Victoria,2020.375,85.2125,-14.7875,0,-14.7875
VIC,Victoria,2020.4167,84.4583,-15.5417,0,-15.5417
VIC,Victoria,2020.4583,83.7042,-16.2958,0,-16.2958
VIC,Victoria,2020.5,82.95,-17.05,0,-17.05
VIC,Victoria,2020.5417,82.1958,-17.8042,0,-17.8042
VIC,Victoria,2020.5833,81.4417,-18.5583,0,-18.5583
VIC,Victoria,2020.625,80.6875,-19.3125,0,-19.3125
VIC,Victoria,2020.6667,79.9333,-20.0667,0,-20.0667
VIC,Victoria,2020.7083,79.1792,-20.8208,0,-20.8208
VIC,Victoria,2020.75,78.425,-21.575,0,-21.575
VIC,Victoria,2020.7917,77.6708,-22.3292,0,-22.3292
VIC,Victoria,2020.8333,76.9167,-23.0833,0,-23.0833
VIC,Victoria,2020.875,76.1625,-23.8375,0,-23.8375
VIC,Victoria,2020.9167,75.4083,-24.5917,0,-24.5917
VIC,Victoria,2020.9583,74.6542,-25.3458,0,-25.3458
VIC,Victoria,2021.0,73.9,-26.1,0,-26.1
VIC,Victoria,2021.0417,73.8333,-26.1667,0,-26.1667
VIC,Victoria,2021.0833,73.7667,-26.2333,0,-26.2333
VIC,Victoria,2021.125,73.7,-26.3,0,-26.3
VIC,Victoria,2021.1667,73.6333,-26.3667,0,-26.3667
VIC,Victoria,2021.2083,73.5667,-26.4333,0,-26.4333
VIC,Victoria,2021.25,73.5,-26.5,0,-26.5
VIC,Victoria,2021.2917,73.4333,-26.5667,0,-26.5667
VIC,Victoria,2021.3333,73.3667,-26.6333,0,-26.6333
VIC,Victoria,2021.375,73.3,-26.7,0,-26.7
VIC,Victoria,2021.4167,73.2333,-26.7667,0,-26.7667
VIC,Victoria,2021.4583,73.1667,-26.8333,0,-26.8333
VIC,Victoria,2021.5,73.1,-26.9,0,-26.9
VIC,Victoria,2021.5417,73.0333,-26.9667,0,-26.9667
VIC,Victoria,2021.5833,72.9667,-27.0333,0,-27.0333
VIC,Victoria,2021.625,72.9,-27.1,0,-27.1
VIC,Victoria,2021.6667,72.8333,-27.1667,0,-27.1667
VIC,Victoria,2021.7083,72.7667,-27.2333,0,-27.2333
VIC,Victoria,2021.75,72.7,-27.3,0,-27.3
VIC,Victoria,2021.7917,72.6333,-27.3667,0,-27.3667
VIC,Victoria,2021.8333,72.5667,-27.4333,0,-27.4333
VIC,Victoria,2021.875,72.5,-27.5,0,-27.5
VIC,Victoria,2021.9167,72.4333,-27.5667,0,-27.5667
VIC,Victoria,2021.9583,72.3667,-27.6333,0,-27.6333
VIC,Victoria,2022.0,72.3,-27.7,0,-27.7
VIC,Victoria,2022.0417,73.1625,-26.8375,0,-26.8375
VIC,Victoria,2022.0833,74.025,-25.975,0,-25.975
VIC,Victoria,2022.125,74.8875,-25.1125,0,-25.1125
VIC,Victoria,2022.1667,75.75,-24.25,0,-24.25
VIC,Victoria,2022.2083,76.6125,-23.3875,0,-23.3875
VIC,Victoria,2022.25,77.475,-22.525,0,-22.525
VIC,Victoria,2022.2917,78.3375,-21.6625,0,-21.6625
VIC,Victoria,2022.3333,79.2,-20.8,0,-20.8
VIC,Victoria,2022.375,80.0625,-19.9375,0,-19.9375
VIC,Victoria,2022.4167,80.925,-19.075,0,-19.075
VIC,Victoria,2022.4583,81.7875,-18.2125,0,-18.2125
VIC,Victoria,2022.5,82.65,-17.35,0,-17.35
VIC,Victoria,2022.5417,83.5125,-16.4875,0,-16.4875
VIC,Victoria,2022.5833,84.375,-15.625,0,-15.625
VIC,Victoria,2022.625,85.2375,-14.7625,0,-14.7625
VIC,Victoria,2022.6667,86.1,-13.9,0,-13.9
VIC,Victoria,2022.7083,86.9625,-13.0375,0,-13.0375
VIC,Victoria,2022.75,87.825,-12.175,0,-12.175
VIC,Victoria,2022.7917,88.6875,-11.3125,0,-11.3125
VIC,Victoria,2022.8333,89.55,-10.45,0,-10.45
VIC,Victoria,2022.875,90.4125,-9.5875,0,-9.5875
VIC,Victoria,2022.9167,91.275,-8.725,0,-8.725
VIC,Victoria,2022.9583,92.1375,-7.8625,0,-7.8625
VIC,Victoria,2023.0,93.0,-7.0,0,-7.0
VIC,Victoria,2023.0417,93.5708,-6.4292,0,-6.4292
VIC,Victoria,2023.0833,94.1417,-5.8583,0,-5.8583
VIC,Victoria,2023.125,94.7125,-5.2875,0,-5.2875
VIC,Victoria,2023.1667,95.2833,-4.7167,0,-4.7167
VIC,Victoria,2023.2083,95.8542,-4.1458,0,-4.1458
VIC,Victoria,2023.25,96.425,-3.575,0,-3.575
VIC,Victoria,2023.2917,96.9958,-3.0042,0,-3.0042
VIC,Victoria,2023.3333,97.5667,-2.4333,0,-2.4333
VIC,Victoria,2023.375,98.1375,-1.8625,0,-1.8625
VIC,Victoria,2023.4167,98.7083,-1.2917,0,-1.2917
VIC,Victoria,2023.4583,99.2792,-0.7208,0,-0.7208
VIC,Victoria,2023.5,99.85,-0.15,0,-0.15
VIC,Victoria,2023.5417,100.4208,0.4208,0.4208,0
VIC,Victoria,2023.5833,100.9917,0.9917,0.9917,0
VIC,Victoria,2023.625,101.5625,1.5625,1.5625,0
VIC,Victoria,2023.6667,102.1333,2.1333,2.1333,0
VIC,Victoria,2023.7083,102.7042,2.7042,2.7042,0
VIC,Victoria,2023.75,103.275,3.275,3.275,0
VIC,Victoria,2023.7917,103.8458,3.8458,3.8458,0
VIC,Victoria,2023.8333,104.4167,4.4167,4.4167,0
VIC,Victoria,2023.875,104.9875,4.9875,4.9875,0
VIC,Victoria,2023.9167,105.5583,5.5583,5.5583,0
VIC,Victoria,2023.9583,106.1292,6.1292,6.1292,0
VIC,Victoria,2024.0,106.7,6.7,6.7,0
VIC,Victoria,2024.0417,106.6167,6.6167,6.6167,0
VIC,Victoria,2024.0833,106.5333,6.5333,6.5333,0
VIC,Victoria,2024.125,106.45,6.45,6.45,0
VIC,Victoria,2024.1667,106.3667,6.3667,6.3667,0
VIC,Victoria,2024.2083,106.2833,6.2833,6.2833,0
VIC,Victoria,2024.25,106.2,6.2,6.2,0
VIC,Victoria,2024.2917,106.1167,6.1167,6.1167,0
VIC,Victoria,2024.3333,106.0333,6.0333,6.0333,0
VIC,Victoria,2024.375,105.95,5.95,5.95,0
VIC,Victoria,2024.4167,105.8667,5.8667,5.8667,0
VIC,Victoria,2024.4583,105.7833,5.7833,5.7833,0
VIC,Victoria,2024.5,105.7,5.7,5.7,0
VIC,Victoria,2024.5417,105.6167,5.6167,5.6167,0
VIC,Victoria,2024.5833,105.5333,5.5333,5.5333,0
VIC,Victoria,2024.625,105.45,5.45,5.45,0
VIC,Victoria,2024.6667,105.3667,5.3667,5.3667,0
VIC,Victoria,2024.7083,105.2833,5.2833,5.2833,0
VIC,Victoria,2024.75,105.2,5.2,5.2,0
VIC,Victoria,2024.7917,105.1167,5.1167,5.1167,0
VIC,Victoria,2024.8333,105.0333,5.0333,5.0333,0
VIC,Victoria,2024.875,104.95,4.95,4.95,0
VIC,Victoria,2024.9167,104.8667,4.8667,4.8667,0
VIC,Victoria,2024.9583,104.7833,4.7833,4.7833,0
VIC,Victoria,2025.0,104.7,4.7,4.7,0
WA,Western Australia,2019.0,100.0,0.0,0,0
WA,Western Australia,2019.0417,99.725,-0.275,0,-0.275
WA,Western Australia,2019.0833,99.45,-0.55,0,-0.55
WA,Western Australia,2019.125,99.175,-0.825,0,-0.825
WA,Western Australia,2019.1667,98.9,-1.1,0,-1.1
WA,Western Australia,2019.2083,98.625,-1.375,0,-1.375
WA,Western Australia,2019.25,98.35,-1.65,0,-1.65
WA,Western Australia,2019.2917,98.075,-1.925,0,-1.925
WA,Western Australia,2019.3333,97.8,-2.2,0,-2.2
WA,Western Australia,2019.375,97.525,-2.475,0,-2.475
WA,Western Australia,2019.4167,97.25,-2.75,0,-2.75
WA,Western Australia,2019.4583,96.975,-3.025,0,-3.025
WA,Western Australia,2019.5,96.7,-3.3,0,-3.3
WA,Western Australia,2019.5417,96.425,-3.575,0,-3.575
WA,Western Australia,2019.5833,96.15,-3.85,0,-3.85
WA,Western Australia,2019.625,95.875,-4.125,0,-4.125
WA,Western Australia,2019.6667,95.6,-4.4,0,-4.4
WA,Western Australia,2019.7083,95.325,-4.675,0,-4.675
WA,Western Australia,2019.75,95.05,-4.95,0,-4.95
WA,Western Australia,2019.7917,94.775,-5.225,0,-5.225
WA,Western Australia,2019.8333,94.5,-5.5,0,-5.5
WA,Western Australia,2019.875,94.225,-5.775,0,-5.775
WA,Western Australia,2019.9167,93.95,-6.05,0,-6.05
WA,Western Australia,2019.9583,93.675,-6.325,0,-6.325
WA,Western Australia,2020.0,93.4,-6.6,0,-6.6
WA,Western Australia,2020.0417,92.6958,-7.3042,0,-7.3042
WA,Western Australia,2020.0833,91.9917,-8.0083,0,-8.0083
WA,Western Australia,2020.125,91.2875,-8.7125,0,-8.7125
WA,Western Australia,2020.1667,90.5833,-9.4167,0,-9.4167
WA,Western Australia,2020.2083,89.8792,-10.1208,0,-10.1208
WA,Western Australia,2020.25,89.175,-10.825,0,-10.825
WA,Western Australia,2020.2917,88.4708,-11.5292,0,-11.5292
WA,Western Australia,2020.3333,87.7667,-12.2333,0,-12.2333
WA,Western Australia,2020.375,87.0625,-12.9375,0,-12.9375
WA,Western Australia,2020.4167,86.3583,-13.6417,0,-13.6417
WA,Western Australia,2020.4583,85.6542,-14.3458,0,-14.3458
WA,Western Australia,2020.5,84.95,-15.05,0,-15.05
WA,Western Australia,2020.5417,84.2458,-15.7542,0,-15.7542
WA,Western Australia,2020.5833,83.5417,-16.4583,0,-16.4583
WA,Western Australia,2020.625,82.8375,-17.1625,0,-17.1625
WA,Western Australia,2020.6667,82.1333,-17.8667,0,-17.8667
WA,Western Australia,2020.7083,81.4292,-18.5708,0,-18.5708
WA,Western Australia,2020.75,80.725,-19.275,0,-19.275
WA,Western Australia,2020.7917,80.0208,-19.9792,0,-19.9792
WA,Western Australia,2020.8333,79.3167,-20.6833,0,-20.6833
WA,Western Australia,2020.875,78.6125,-21.3875,0,-21.3875
WA,Western Australia,2020.9167,77.9083,-22.0917,0,-22.0917
WA,Western Australia,2020.9583,77.2042,-22.7958,0,-22.7958
WA,Western Australia,2021.0,76.5,-23.5,0,-23.5
WA,Western Australia,2021.0417,76.8125,-23.1875,0,-23.1875
WA,Western Australia,2021.0833,77.125,-22.875,0,-22.875
WA,Western Australia,2021.125,77.4375,-22.5625,0,-22.5625
WA,Western Australia,2021.1667,77.75,-22.25,0,-22.25
WA,Western Australia,2021.2083,78.0625,-21.9375,0,-21.9375
WA,Western Australia,2021.25,78.375,-21.625,0,-21.625
WA,Western Australia,2021.2917,78.6875,-21.3125,0,-21.3125
WA,Western Australia,2021.3333,79.0,-21.0,0,-21.0
WA,Western Australia,2021.375,79.3125,-20.6875,0,-20.6875
WA,Western Australia,2021.4167,79.625,-20.375,0,-20.375
WA,Western Australia,2021.4583,79.9375,-20.0625,0,-20.0625
WA,Western Australia,2021.5,80.25,-19.75,0,-19.75
WA,Western Australia,2021.5417,80.5625,-19.4375,0,-19.4375
WA,Western Australia,2021.5833,80.875,-19.125,0,-19.125
WA,Western Australia,2021.625,81.1875,-18.8125,0,-18.8125
WA,Western Australia,2021.6667,81.5,-18.5,0,-18.5
WA,Western Australia,2021.7083,81.8125,-18.1875,0,-18.1875
WA,Western Australia,2021.75,82.125,-17.875,0,-17.875
WA,Western Australia,2021.7917,82.4375,-17.5625,0,-17.5625
WA,Western Australia,2021.8333,82.75,-17.25,0,-17.25
WA,Western Australia,2021.875,83.0625,-16.9375,0,-16.9375
WA,Western Australia,2021.9167,83.375,-16.625,0,-16.625
WA,Western Australia,2021.9583,83.6875,-16.3125,0,-16.3125
WA,Western Australia,2022.0,84.0,-16.0,0,-16.0
WA,Western Australia,2022.0417,86.1083,-13.8917,0,-13.8917
WA,Western Australia,2022.0833,88.2167,-11.7833,0,-11.7833
WA,Western Australia,2022.125,90.325,-9.675,0,-9.675
WA,Western Australia,2022.1667,92.4333,-7.5667,0,-7.5667
WA,Western Australia,2022.2083,94.5417,-5.4583,0,-5.4583
WA,Western Australia,2022.25,96.65,-3.35,0,-3.35
WA,Western Australia,2022.2917,98.7583,-1.2417,0,-1.2417
WA,Western Australia,2022.3333,100.8667,0.8667,0.8667,0
WA,Western Australia,2022.375,102.975,2.975,2.975,0
WA,Western Australia,2022.4167,105.0833,5.0833,5.0833,0
WA,Western Australia,2022.4583,107.1917,7.1917,7.1917,0
WA,Western Australia,2022.5,109.3,9.3,9.3,0
WA,Western Australia,2022.5417,111.4083,11.4083,11.4083,0
WA,Western Australia,2022.5833,113.5167,13.5167,13.5167,0
WA,Western Australia,2022.625,115.625,15.625,15.625,0
WA,Western Australia,2022.6667,117.7333,17.7333,17.7333,0
WA,Western Australia,2022.7083,119.8417,19.8417,19.8417,0
WA,Western Australia,2022.75,121.95,21.95,21.95,0
WA,Western Australia,2022.7917,124.0583,24.0583,24.0583,0
WA,Western Australia,2022.8333,126.1667,26.1667,26.1667,0
WA,Western Australia,2022.875,128.275,28.275,28.275,0
WA,Western Australia,2022.9167,130.3833,30.3833,30.3833,0
WA,Western Australia,2022.9583,132.4917,32.4917,32.4917,0
WA,Western Australia,2023.0,134.6,34.6,34.6,0
WA,Western Australia,2023.0417,136.0375,36.0375,36.0375,0
WA,Western Australia,2023.0833,137.475,37.475,37.475,0
WA,Western Australia,2023.125,138.9125,38.9125,38.9125,0
WA,Western Australia,2023.1667,140.35,40.35,40.35,0
WA,Western Australia,2023.2083,141.7875,41.7875,41.7875,0
WA,Western Australia,2023.25,143.225,43.225,43.225,0
WA,Western Australia,2023.2917,144.6625,44.6625,44.6625,0
WA,Western Australia,2023.3333,146.1,46.1,46.1,0
WA,Western Australia,2023.375,147.5375,47.5375,47.5375,0
WA,Western Australia,2023.4167,148.975,48.975,48.975,0
WA,Western Australia,2023.4583,150.4125,50.4125,50.4125,0
WA,Western Australia,2023.5,151.85,51.85,51.85,0
WA,Western Australia,2023.5417,153.2875,53.2875,53.2875,0
WA,Western Australia,2023.5833,154.725,54.725,54.725,0
WA,Western Australia,2023.625,156.1625,56.1625,56.1625,0
WA,Western Australia,2023.6667,157.6,57.6,57.6,0
WA,Western Australia,2023.7083,159.0375,59.0375,59.0375,0
WA,Western Australia,2023.75,160.475,60.475,60.475,0
WA,Western Australia,2023.7917,161.9125,61.9125,61.9125,0
WA,Western Australia,2023.8333,163.35,63.35,63.35,0
WA,Western Australia,2023.875,164.7875,64.7875,64.7875,0
WA,Western Australia,2023.9167,166.225,66.225,66.225,0
WA,Western Australia,2023.9583,167.6625,67.6625,67.6625,0
WA,Western Australia,2024.0,169.1,69.1,69.1,0
WA,Western Australia,2024.0417,169.0458,69.0458,69.0458,0
WA,Western Australia,2024.0833,168.9917,68.9917,68.9917,0
WA,Western Australia,2024.125,168.9375,68.9375,68.9375,0
WA,Western Australia,2024.1667,168.8833,68.8833,68.8833,0
WA,Western Australia,2024.2083,168.8292,68.8292,68.8292,0
WA,Western Australia,2024.25,168.775,68.775,68.775,0
WA,Western Australia,2024.2917,168.7208,68.7208,68.7208,0
WA,Western Australia,2024.3333,168.6667,68.6667,68.6667,0
WA,Western Australia,2024.375,168.6125,68.6125,68.6125,0
WA,Western Australia,2024.4167,168.5583,68.5583,68.5583,0
WA,Western Australia,2024.4583,168.5042,68.5042,68.5042,0
WA,Western Australia,2024.5,168.45,68.45,68.45,0
WA,Western Australia,2024.5417,168.3958,68.3958,68.3958,0
WA,Western Australia,2024.5833,168.3417,68.3417,68.3417,0
WA,Western Australia,2024.625,168.2875,68.2875,68.2875,0
WA,Western Australia,2024.6667,168.2333,68.2333,68.2333,0
WA,Western Australia,2024.7083,168.1792,68.1792,68.1792,0
WA,Western Australia,2024.75,168.125,68.125,68.125,0
WA,Western Australia,2024.7917,168.0708,68.0708,68.0708,0
WA,Western Australia,2024.8333,168.0167,68.0167,68.0167,0
WA,Western Australia,2024.875,167.9625,67.9625,67.9625,0
WA,Western Australia,2024.9167,167.9083,67.9083,67.9083,0
WA,Western Australia,2024.9583,167.8542,67.8542,67.8542,0
WA,Western Australia,2025.0,167.8,67.8,67.8,0
